{
  "id": "2916546",
  "name": "TQHYCloudPlatform-Vue",
  "font_family": "iconfont",
  "css_prefix_text": "v-icon-",
  "description": "天泉慧源环保后台图标",
  "glyphs": [
    {
      "icon_id": "14698909",
      "name": "报警",
      "font_class": "bj",
      "unicode": "e606",
      "unicode_decimal": 58886
    },
    {
      "icon_id": "18379500",
      "name": "报警记录",
      "font_class": "baojingjilu",
      "unicode": "e699",
      "unicode_decimal": 59033
    },
    {
      "icon_id": "1308388",
      "name": "201用户_用户2",
      "font_class": "201yonghu_yonghu2",
      "unicode": "e63d",
      "unicode_decimal": 58941
    },
    {
      "icon_id": "4752501",
      "name": "摄像头",
      "font_class": "shexiangtou1",
      "unicode": "e7e8",
      "unicode_decimal": 59368
    },
    {
      "icon_id": "1183021",
      "name": "添加",
      "font_class": "tianjia",
      "unicode": "e657",
      "unicode_decimal": 58967
    },
    {
      "icon_id": "108775",
      "name": "流量",
      "font_class": "liuliang",
      "unicode": "e602",
      "unicode_decimal": 58882
    },
    {
      "icon_id": "494667",
      "name": "极端降雨",
      "font_class": "tianqizitiku28",
      "unicode": "e620",
      "unicode_decimal": 58912
    },
    {
      "icon_id": "9475743",
      "name": "叶绿素",
      "font_class": "yelvsu",
      "unicode": "e62d",
      "unicode_decimal": 58925
    },
    {
      "icon_id": "12524217",
      "name": "液位仪",
      "font_class": "yeweiyi",
      "unicode": "e611",
      "unicode_decimal": 58897
    },
    {
      "icon_id": "685502",
      "name": "多云",
      "font_class": "duoyun",
      "unicode": "e6f3",
      "unicode_decimal": 59123
    },
    {
      "icon_id": "11327552",
      "name": "大气压",
      "font_class": "daqiya",
      "unicode": "e998",
      "unicode_decimal": 59800
    },
    {
      "icon_id": "13638743",
      "name": "温度",
      "font_class": "wendu",
      "unicode": "e660",
      "unicode_decimal": 58976
    },
    {
      "icon_id": "19811077",
      "name": "湿度监测",
      "font_class": "shidujiance_1",
      "unicode": "e618",
      "unicode_decimal": 58904
    },
    {
      "icon_id": "7947753",
      "name": "信息空心",
      "font_class": "xinxikongxin",
      "unicode": "ed1b",
      "unicode_decimal": 60699
    },
    {
      "icon_id": "577362",
      "name": "时钟",
      "font_class": "shizhong",
      "unicode": "e74f",
      "unicode_decimal": 59215
    },
    {
      "icon_id": "591725",
      "name": "wxb账户",
      "font_class": "wxbzhanghu",
      "unicode": "e61f",
      "unicode_decimal": 58911
    },
    {
      "icon_id": "13087849",
      "name": "信息bar_账户",
      "font_class": "xinxibar_zhanghu",
      "unicode": "e7c8",
      "unicode_decimal": 59336
    },
    {
      "icon_id": "15189136",
      "name": "账户设置",
      "font_class": "zhanghushezhi",
      "unicode": "e615",
      "unicode_decimal": 58901
    },
    {
      "icon_id": "4360981",
      "name": "密码",
      "font_class": "mima",
      "unicode": "e601",
      "unicode_decimal": 58881
    },
    {
      "icon_id": "9454431",
      "name": "账号",
      "font_class": "zhanghao",
      "unicode": "e66d",
      "unicode_decimal": 58989
    },
    {
      "icon_id": "124495",
      "name": "警告",
      "font_class": "jinggao",
      "unicode": "e600",
      "unicode_decimal": 58880
    },
    {
      "icon_id": "1115027",
      "name": "登出",
      "font_class": "dengchu",
      "unicode": "e612",
      "unicode_decimal": 58898
    },
    {
      "icon_id": "5387752",
      "name": "电脑_o",
      "font_class": "diannao_o",
      "unicode": "eb49",
      "unicode_decimal": 60233
    },
    {
      "icon_id": "6246304",
      "name": "用户",
      "font_class": "yonghu",
      "unicode": "e64e",
      "unicode_decimal": 58958
    },
    {
      "icon_id": "6517464",
      "name": "文件-登记表",
      "font_class": "wj-djb",
      "unicode": "e712",
      "unicode_decimal": 59154
    },
    {
      "icon_id": "6776384",
      "name": "摄像头",
      "font_class": "shexiangtou",
      "unicode": "eca5",
      "unicode_decimal": 60581
    },
    {
      "icon_id": "7008977",
      "name": "other",
      "font_class": "other",
      "unicode": "e714",
      "unicode_decimal": 59156
    },
    {
      "icon_id": "7040619",
      "name": "其他",
      "font_class": "qita",
      "unicode": "e63a",
      "unicode_decimal": 58938
    },
    {
      "icon_id": "7960345",
      "name": "工单2",
      "font_class": "gongdan",
      "unicode": "e6a5",
      "unicode_decimal": 59045
    },
    {
      "icon_id": "11372702",
      "name": "手机",
      "font_class": "shouji",
      "unicode": "e8b9",
      "unicode_decimal": 59577
    },
    {
      "icon_id": "12694613",
      "name": "设备区域分布",
      "font_class": "shebeiquyufenbu",
      "unicode": "e61d",
      "unicode_decimal": 58909
    },
    {
      "icon_id": "15391357",
      "name": "首页",
      "font_class": "shouye",
      "unicode": "e61e",
      "unicode_decimal": 58910
    },
    {
      "icon_id": "20226335",
      "name": "上下",
      "font_class": "shangxia",
      "unicode": "e608",
      "unicode_decimal": 58888
    },
    {
      "icon_id": "6651156",
      "name": "通用-欢迎你图标",
      "font_class": "tongyong-huanyingnitubiao",
      "unicode": "e63b",
      "unicode_decimal": 58939
    }
  ]
}
